<?xml version="1.0" encoding="UTF-8" standalone="yes"?>
<addon id="script.calendar"
       name="Calendar"
       version="1.6"
       provider-name="CinPoU">
  <requires>
    <import addon="xbmc.python" version="1.0"/>
  </requires>
  <extension point="xbmc.python.script"
             library="default.py">
    <provides>executable</provides>
  </extension>
  <extension point="xbmc.addon.metadata">
    <platform>all</platform>
    <summary>Calendar permet de gérer vos agendas</summary>
    <description>Calendar vous donne accès en lecture et écriture à vos agendas Google, mais aussi en consultation de vos agenda locaux et sur le web (format Ics)
    </description>
  </extension>
</addon>

